component,explained_variance_ratio,explained_variance_percent,cumulative_variance_ratio,cumulative_variance_percent
PC1,0.28173931278817294,28.173931278817292,0.28173931278817294,28.173931278817292
PC2,0.1750826990547681,17.50826990547681,0.456822011842941,45.6822011842941
PC3,0.14095849897952178,14.095849897952178,0.5977805108224628,59.77805108224628
