component,explained_variance_ratio,explained_variance_percent,cumulative_variance_ratio,cumulative_variance_percent
PC1,0.2817393127881735,28.17393127881735,0.2817393127881735,28.17393127881735
PC2,0.17508269905476803,17.5082699054768,0.4568220118429415,45.68220118429415
