component,explained_variance_ratio,explained_variance_percent,cumulative_variance_ratio,cumulative_variance_percent
PC1,0.28173931278817294,28.173931278817292,0.28173931278817294,28.173931278817292
PC2,0.17508269905476795,17.508269905476794,0.4568220118429409,45.682201184294094
