criterion,train_accuracy,test_accuracy,root_feature,node_count,max_depth
gini,0.8471074380165289,0.7540983606557377,cp,15,3
entropy,0.8388429752066116,0.7868852459016393,cp,15,3
