metric,value
train_accuracy,0.8471074380165289
test_accuracy,0.7540983606557377
