fold,test_score
1,0.9038674033149171
2,0.8882743362831859
3,0.9037610619469026
4,0.9037610619469026
5,0.8938053097345132
