Method,RMSE,R2
Polynomial only - no scaling,55.778725581149025,0.42365897523964124
PolynomialFeatures before StandardScaler,83.9260518265965,-0.3047759568157453
StandardScaler before PolynomialFeatures,92.76027323177692,-0.5939195521205163
