Feature,Coefficient,Absolute_Importance
Building_Type_Industrial,500.00091136018625,500.00091136018625
Building_Type_Residential,-499.99978125088836,499.99978125088836
Day_of_Week_Weekend,-50.00167131874133,50.00167131874133
Appliances_Used,20.000013044559626,20.000013044559626
Number_of_Occupants,10.000001439147649,10.000001439147649
Average_Temperature,-4.999992682758788,4.999992682758788
Square_Footage,0.049999988319902655,0.049999988319902655
