Metric,Value
MAE,0.011975550249830618
MSE,0.00019914006270836936
RMSE,0.014111699497522237
R2,0.9999999997658856
