k_neighbors,approx_probabilistic_radius,mean_neighbor_distance,std_neighbor_distance,products_inside_radius
5,9.577264585726995,7.974463361632919,1.785676955597993,5
10,10.188318910227562,9.008350764610956,1.6371666661697417,10
20,10.740305807707276,9.80587862616762,1.407775029834538,20
40,11.85803258030691,10.486004586643167,1.2358493632596836,41
80,12.567933438629131,11.35043551187216,1.2370190097619485,80
120,13.169370730390378,11.89470754276037,1.272211491378172,120
200,13.641494588634075,12.516776691241398,1.2490173212627287,200
